<?xml version="1.0" encoding="UTF-8"?>

<!DOCTYPE mapper PUBLIC "-//mybatis.org//DTD Mapper 3.0//EN" "http://mybatis.org/dtd/mybatis-3-mapper.dtd">

<mapper namespace="bbs">

	<!-- 글 작성 -->
	<insert id="insert" parameterType="hashMap" useGeneratedKeys="true" keyProperty="num">
		<![CDATA[
			insert into tblBoard (uId, uName, subject, content, pos, ref, depth, 
				regTM, ip, readCnt, fileName, fileSize)
			values (#{uId}, #{uName}, #{subject}, #{content}, 0, #{ref}, 0, 
				now(), #{ip}, 0, #{fileName}, #{fileSize})
		]]>
	</insert>
	
	
	<!-- 글 목록 -->
	<select id="selectAll" parameterType="hashMap" resultType="hashMap">
		<![CDATA[
			select * from tblBoard 
		]]>
			<if test='keyWord != null and keyWord != "" '>
				where ${keyField } like '%${keyWord}%'
 			</if>
		<![CDATA[
				order by ref desc, pos asc
		]]>
	</select>
	
	<!-- 글 상세 정보 -->
	<select id="selectDetail" parameterType="int" resultType="hashMap">
		<![CDATA[
			select * from tblBoard where num = #{num}
		]]>
	</select>
	
	<!-- 조회수 증가 -->
	<update id="upCount" parameterType="int">
		<![CDATA[
			update tblBoard 
			set readCnt = readCnt+1
			where num = #{num}
		]]>
	</update>
	
	<!-- 글 수정 -->
	<update id="updateBoard" parameterType="hashMap">
		<![CDATA[
			update tblBoard 
			set subject = #{subject}, content = #{content}
			where num = #{num}
		]]>
	</update>
	
	<!-- 글 삭제 -->
	<delete id="deleteBoard" parameterType="int">
		<![CDATA[
			delete from tblBoard 
			where num = #{num}
		]]>
	</delete>

	<!-- 댓글 -->
	<select id="selectMaxNum" parameterType="hashMap" resultType="int">
		<![CDATA[
				select count(num) from tblBoard
		]]>	
	</select>
	
	<!-- 댓글 등록 -->
	<insert id="replyBoard" parameterType="hashMap" useGeneratedKeys="true" keyProperty="int">
		<![CDATA[
			insert into tblBoard (uId, uName, subject, content, pos, ref, depth, 
				regTM, ip, readCnt)
			values (#{uId}, #{uName}, #{subject}, #{content}, #{pos}+1 , #{ref}, #{depth}+1 , 
				now(), #{ip}, 0)
		]]>
	</insert>
	
	<!-- 댓글 끼어들기 -->
	<update id="replyUp" parameterType="hashMap">
		<![CDATA[
			update tblBoard 
			set pos = pos + 1
			where ref = #{ref} and pos > #{pos}
		]]>
	</update>
</mapper>