<?xml version="1.0" encoding="UTF-8"?>
<!DOCTYPE mapper PUBLIC "-//mybatis.org//DTD Mapper 3.0//EN" "http://mybatis.org/dtd/mybatis-3-mapper.dtd">
<mapper namespace="member">
	<!-- 아이디 중복 검사 -->
	<select id="checkId" parameterType="String" resultType="int">
		<![CDATA[
		select count(*) from member where uId = #{uId}
		]]>
	</select>
	
	<!-- 우편번호 찾기 -->
	<select id="zipcodeRead" parameterType="hashMap" resultType="hashMap">
		<![CDATA[
		select zipcode, area1, area2, area3, area4
		 from tblzipcode where area3 like '%${area3}%'
		]]>
	</select>
	
	<!-- 회원가입 시작 -->
	<insert id="insert" parameterType="hashMap" useGeneratedKeys="true" keyProperty="uId">
		<![CDATA[
		insert into member (uId, uPw, uName, uEmail, gender, uBirthday, uZipcode, uAddr, uHobby, uJob, joinTM) 
		values 
			(#{uId}, #{uPw}, #{uName}, #{uEmail}, #{gender}, #{uBirthday}, #{uZipcode}, #{uAddr}, #{uHobby}, #{uJob}, now())
		]]>
	</insert>
	<!-- 로그인 처리 시작 -->
	<select id="loginMember" parameterType="hashMap" resultType="int">
		<![CDATA[
		select count(*) from member where uId = #{uId} and uPw = #{uPw}
		]]>
	</select>
	
	<!-- 회원정보 불러오기  -->
	<select id="modifyMember" parameterType="String" resultType="hashMap">
		<![CDATA[
		select uId, uPw, uName, uEmail, gender, uBirthday, uZipcode, uAddr, uHobby, uJob, joinTM
		from member where uId = #{uId}
		]]>
	</select>
	
	<!-- 회원정보 불러오기  -->
	<update id="updateMember" parameterType="hashMap">
		<![CDATA[
		update member
		set uPw= #{uPw}, uName= #{uName}, uEmail= #{uEmail}, gender= #{gender}, uBirthday= #{uBirthday}, uZipcode= #{uZipcode}, uAddr = #{uAddr}, uHobby = #{uHobby}, uJob = #{uJob}
		where uId = #{uId}
		]]>
	</update>
	
	<!-- 회원탈퇴 시작 -->
	<delete id="quitMember" parameterType="hashMap">
		<![CDATA[
		delete from member where uId= #{uId}
		]]>
	</delete>
	
	<!-- 로그인 사용자 이름 반환 시작 -->
	<select id="getMemberName" parameterType="String" resultType="String">
		<![CDATA[
		select uName from member where uId= #{uId}
		]]>
	</select>
</mapper>