<?xml version="1.0" encoding="UTF-8"?>
<!DOCTYPE mapper PUBLIC "-//mybatis.org//DTD Mapper 3.0//EN" "http://mybatis.org/dtd/mybatis-3-mapper.dtd">

<mapper namespace="noticeBBS">

	<!-- 공지사항 작성 -->
	<insert id="insert" parameterType="hashMap" useGeneratedKeys="true" keyProperty="num">
		<![CDATA[
			insert into noticeBoard (uId, uName, subject, content, pos, ref, depth, 
				regTM, ip, readCnt, fileName, fileSize)
			values (#{uId}, #{uName}, #{subject}, #{content}, 0, #{ref}, 0, 
				now(), #{ip}, 0, #{fileName}, #{fileSize})
		]]>
	</insert>
	
	<!-- 공지사항 게시글 수 -->
	<select id="selectMaxNum" parameterType="hashMap" resultType="int">
		<![CDATA[
				select COALESCE(max(num),0) from noticeBoard
		]]>	
	</select> 
	
	<!-- 공지사항 목록 -->
	<select id="selectAll" parameterType="hashMap" resultType="hashMap">
		<![CDATA[
			select t.*,(select n.count from (select count(*) as 'count', noticeNum as 'noticeNum' from noticeReply where del ='n' group by noticeNum) n where t.num=n.noticeNum ) as 'count'
			from noticeBoard t
		]]>
			<if test='keyWord != null and keyWord != "" '>
				where ${keyField } like '%${keyWord}%'
 			</if>
		<![CDATA[
			order by num desc
		]]>
	</select>
	<!--공지사항 조회수 증가 -->
	<update id="upCount" parameterType="int">
		<![CDATA[
			update noticeBoard 
			set readCnt = readCnt+1
			where num = #{num}
		]]>
	</update>
	
	<!-- 공지사항 상세 정보 -->
	<select id="selectDetail" parameterType="int" resultType="hashMap">
		<![CDATA[
			select * from noticeBoard where num = #{num}
		]]>
	</select>
	
	<!--공지사항 수정 -->
	<update id="updateNotice" parameterType="hashMap">
		<![CDATA[
			update noticeBoard 
			set subject = #{subject}, content = #{content}
			where num = #{num}
		]]>
	</update>
	
	<!-- 공지사항 글 삭제 -->
	<delete id="deleteNotice" parameterType="int">
		<![CDATA[
			delete from noticeBoard 
			where num = #{num}
		]]>
	</delete>
	<!-- 공지사항 삭제되면  코멘트도  삭제 -->
	<select id="deleteReOfNotice" parameterType="int" >
		<![CDATA[
			delete from noticeReply 
			where ref= #{ref}
		]]>
	</select>
	<!-- 공지사항 코멘트 수(MaxNum) -->
	<select id="selectReplyMaxNum" parameterType="hashMap" resultType="int">
		<![CDATA[
				select COALESCE(max(num),0) from noticeReply
		]]>	
	</select> 
	<!-- 공지사항 코멘트 수(count) -->
	<select id="selectReplyCount" parameterType="hashMap" resultType="hashMap">
		<![CDATA[
				select count(*), ref from noticeReply group by ref
		]]>	
	</select> 
	
	<!-- 공지사항 코멘트 작성 -->
	<insert id="insertReply" parameterType="hashMap" useGeneratedKeys="true" >
		<![CDATA[
			insert into noticeReply (uId, uName, content, pos, ref, noticeNum, depth, regTM, ip )
			values (#{uId}, #{uName}, #{content}, 0, #{ref}, #{noticeNum}, 0, now(), #{ip})
		]]>
	</insert>
	
	<!-- 공지사항 코멘트 목록 -->
	<select id="selectReplyAll" parameterType="int" resultType="hashMap">
		<![CDATA[
		select *  from noticeReply 
		where  not (
			ref in (select ref from (select sum(depth) as 'sumDepth',ref from noticeReply where del ='y' group by ref) n where sumDepth=0 
				union 
				select a.ref as 'ref' from (
					select count(del) as 'countdel',ref from noticeReply where noticeNum=22 and del='y' and depth!=0  group by ref
				) a join (
					select count(*)-1 as 'countrereply',ref from noticeReply where noticeNum=22  group by ref
				) b on a.ref=b.ref where a.countdel=b.countrereply) 
		)
		and noticeNum=22 order by ref desc, pos asc
		]]>
	</select>
	
	<!-- 공지사항 대댓글 등록 -->
	<insert id="insertReplyReply" parameterType="hashMap" useGeneratedKeys="true" keyProperty="int">
		<![CDATA[
			insert into noticeReply (uId, uName, content, pos, ref, noticeNum, depth, regTM, ip )
			values (#{uId}, #{uName}, #{content}, #{pos}+1 , #{ref},#{noticeNum}, #{depth}+1 , now(), #{ip})
		]]>
	</insert>
	
	<!-- 공지사항 코멘트 수(MaxNum) -->
	<select id="selectReplyMaxPos" parameterType="hashMap" resultType="int">
		<![CDATA[
				select COALESCE(max(pos),(select pos from noticeReply where num=#{num})) 
				from noticeReply where ref=#{ref} and noticeNum=#{noticeNum} and del='N' and depth=#{depth}+1
		]]>	
	</select> 
	
	<!-- 공지사항 대댓글 끼어들기 -->
	<update id="replyUp" parameterType="hashMap">
		<![CDATA[
			update noticeReply 
			set pos = pos + 1
			where ref = #{ref} and pos > #{pos}
		]]>
	</update>
	
	<!-- 공지사항 댓글 삭제 -->
	<delete id="deleteReply" parameterType="int">
		<![CDATA[
			update noticeReply 
			set del='Y'
			where num = #{num}
		]]>
	</delete>
	
	<!--공지사항 수정 -->
	<update id="updateReply" parameterType="hashMap">
		<![CDATA[
			update noticeReply 
			set content = #{content}
			where num = #{num}
		]]>
	</update>
</mapper>